{
	"credit": "Made by Botany",
	"textures": {
		"0": "block/wheat_stage6",
		"2": "block/wheat_stage0",
		"5": "block/wheat_stage3",
		"6": "block/wheat_stage4",
		"particle": "block/wheat_stage6"
	},
	"elements": [
		{
			"from": [3, 0, 9],
			"to": [4, 15, 10],
			"faces": {
				"north": {"uv": [7, 1, 8, 16], "texture": "#0"},
				"east": {"uv": [7, 1, 8, 16], "texture": "#0"},
				"south": {"uv": [7, 1, 8, 16], "texture": "#0"},
				"west": {"uv": [7, 1, 8, 16], "texture": "#0"},
				"up": {"uv": [7, 1, 8, 2], "texture": "#0"},
				"down": {"uv": [7, 15, 8, 16], "texture": "#5"}
			}
		},
		{
			"from": [6, 9, 2],
			"to": [7, 10, 3],
			"faces": {
				"north": {"uv": [13, 6, 14, 7], "texture": "#0"},
				"east": {"uv": [13, 6, 14, 7], "texture": "#0"},
				"south": {"uv": [13, 6, 14, 7], "texture": "#0"},
				"west": {"uv": [13, 6, 14, 7], "texture": "#0"},
				"up": {"uv": [13, 6, 14, 7], "texture": "#0"},
				"down": {"uv": [13, 6, 14, 7], "texture": "#0"}
			}
		},
		{
			"from": [7, 8, 2],
			"to": [8, 10, 3],
			"faces": {
				"north": {"uv": [12, 6, 13, 8], "texture": "#0"},
				"east": {"uv": [12, 6, 13, 8], "texture": "#0"},
				"south": {"uv": [12, 6, 13, 8], "texture": "#0"},
				"west": {"uv": [12, 6, 13, 8], "texture": "#0"},
				"up": {"uv": [12, 6, 13, 7], "texture": "#0"},
				"down": {"uv": [12, 7, 13, 8], "texture": "#0"}
			}
		},
		{
			"from": [7, 6, 4],
			"to": [8, 9, 5],
			"faces": {
				"north": {"uv": [11, 8, 12, 11], "texture": "#0"},
				"east": {"uv": [11, 8, 12, 11], "texture": "#0"},
				"south": {"uv": [11, 8, 12, 11], "texture": "#0"},
				"west": {"uv": [11, 8, 12, 11], "texture": "#0"},
				"up": {"uv": [11, 8, 12, 9], "texture": "#0"},
				"down": {"uv": [11, 10, 12, 11], "texture": "#0"}
			}
		},
		{
			"from": [8, 8, 4],
			"to": [9, 9, 5],
			"faces": {
				"north": {"uv": [13, 6, 14, 7], "texture": "#0"},
				"east": {"uv": [13, 6, 14, 7], "texture": "#0"},
				"south": {"uv": [13, 6, 14, 7], "texture": "#0"},
				"west": {"uv": [13, 6, 14, 7], "texture": "#0"},
				"up": {"uv": [13, 6, 14, 7], "texture": "#0"},
				"down": {"uv": [13, 6, 14, 7], "texture": "#0"}
			}
		},
		{
			"from": [7, 0, 3],
			"to": [8, 12, 4],
			"faces": {
				"north": {"uv": [11, 4, 12, 16], "texture": "#0"},
				"east": {"uv": [11, 4, 12, 16], "texture": "#0"},
				"south": {"uv": [11, 4, 12, 16], "texture": "#0"},
				"west": {"uv": [11, 4, 12, 16], "texture": "#0"},
				"up": {"uv": [11, 4, 12, 5], "texture": "#0"},
				"down": {"uv": [7, 15, 8, 16], "texture": "#5"}
			}
		},
		{
			"from": [8, 7, 10],
			"to": [9, 9, 11],
			"faces": {
				"north": {"uv": [7, 2, 8, 4], "texture": "#0"},
				"east": {"uv": [7, 2, 8, 4], "texture": "#0"},
				"south": {"uv": [7, 2, 8, 4], "texture": "#0"},
				"west": {"uv": [7, 2, 8, 4], "texture": "#0"},
				"up": {"uv": [7, 2, 8, 3], "texture": "#0"},
				"down": {"uv": [7, 3, 8, 4], "texture": "#0"}
			}
		},
		{
			"from": [6, 6, 9],
			"to": [7, 7, 10],
			"faces": {
				"north": {"uv": [13, 8, 14, 9], "texture": "#0"},
				"east": {"uv": [13, 8, 14, 9], "texture": "#0"},
				"south": {"uv": [13, 8, 14, 9], "texture": "#0"},
				"west": {"uv": [13, 8, 14, 9], "texture": "#0"},
				"up": {"uv": [13, 8, 14, 9], "texture": "#0"},
				"down": {"uv": [13, 8, 14, 9], "texture": "#0"}
			}
		},
		{
			"from": [7, 4, 9],
			"to": [8, 8, 10],
			"faces": {
				"north": {"uv": [13, 8, 14, 12], "texture": "#0"},
				"east": {"uv": [13, 8, 14, 12], "texture": "#0"},
				"south": {"uv": [13, 8, 14, 12], "texture": "#0"},
				"west": {"uv": [13, 8, 14, 12], "texture": "#0"},
				"up": {"uv": [13, 8, 14, 9], "texture": "#0"},
				"down": {"uv": [13, 11, 14, 12], "texture": "#0"}
			}
		},
		{
			"from": [8, 0, 9],
			"to": [9, 9, 10],
			"faces": {
				"north": {"uv": [15, 7, 14, 16], "texture": "#0"},
				"east": {"uv": [15, 7, 14, 16], "texture": "#0"},
				"south": {"uv": [15, 7, 14, 16], "texture": "#0"},
				"west": {"uv": [15, 7, 14, 16], "texture": "#0"},
				"up": {"uv": [15, 7, 14, 8], "texture": "#0"},
				"down": {"uv": [7, 15, 8, 16], "texture": "#5"}
			}
		},
		{
			"from": [2, 4, 3],
			"to": [3, 8, 4],
			"faces": {
				"north": {"uv": [13, 8, 14, 12], "texture": "#0"},
				"east": {"uv": [13, 8, 14, 12], "texture": "#0"},
				"south": {"uv": [13, 8, 14, 12], "texture": "#0"},
				"west": {"uv": [13, 8, 14, 12], "texture": "#0"},
				"up": {"uv": [13, 8, 14, 9], "texture": "#0"},
				"down": {"uv": [13, 11, 14, 12], "texture": "#0"}
			}
		},
		{
			"from": [4, 0, 1],
			"to": [5, 4, 2],
			"faces": {
				"north": {"uv": [13, 8, 14, 12], "texture": "#0"},
				"east": {"uv": [13, 8, 14, 12], "texture": "#0"},
				"south": {"uv": [13, 8, 14, 12], "texture": "#0"},
				"west": {"uv": [13, 8, 14, 12], "texture": "#0"},
				"up": {"uv": [13, 8, 14, 9], "texture": "#0"},
				"down": {"uv": [13, 11, 14, 12], "texture": "#0"}
			}
		},
		{
			"from": [1, 7, 4],
			"to": [2, 9, 5],
			"faces": {
				"north": {"uv": [7, 2, 8, 4], "texture": "#0"},
				"east": {"uv": [7, 2, 8, 4], "texture": "#0"},
				"south": {"uv": [7, 2, 8, 4], "texture": "#0"},
				"west": {"uv": [7, 2, 8, 4], "texture": "#0"},
				"up": {"uv": [7, 2, 8, 3], "texture": "#0"},
				"down": {"uv": [7, 3, 8, 4], "texture": "#0"}
			}
		},
		{
			"from": [2, 0, 4],
			"to": [3, 9, 5],
			"faces": {
				"north": {"uv": [15, 7, 14, 16], "texture": "#0"},
				"east": {"uv": [15, 7, 14, 16], "texture": "#0"},
				"south": {"uv": [15, 7, 14, 16], "texture": "#0"},
				"west": {"uv": [15, 7, 14, 16], "texture": "#0"},
				"up": {"uv": [15, 7, 14, 8], "texture": "#0"},
				"down": {"uv": [7, 15, 8, 16], "texture": "#5"}
			}
		},
		{
			"from": [10, 0, 5],
			"to": [11, 4, 6],
			"faces": {
				"north": {"uv": [7, 10, 8, 14], "texture": "#6"},
				"east": {"uv": [7, 10, 8, 14], "texture": "#6"},
				"south": {"uv": [7, 10, 8, 14], "texture": "#6"},
				"west": {"uv": [7, 10, 8, 14], "texture": "#6"},
				"up": {"uv": [7, 10, 8, 11], "texture": "#6"},
				"down": {"uv": [2, 15, 3, 16], "texture": "#2"}
			}
		},
		{
			"from": [5, 0, 11],
			"to": [6, 4, 12],
			"faces": {
				"north": {"uv": [7, 10, 8, 14], "texture": "#6"},
				"east": {"uv": [7, 10, 8, 14], "texture": "#6"},
				"south": {"uv": [7, 10, 8, 14], "texture": "#6"},
				"west": {"uv": [7, 10, 8, 14], "texture": "#6"},
				"up": {"uv": [7, 10, 8, 11], "texture": "#6"},
				"down": {"uv": [14, 10, 15, 11], "texture": "#0"}
			}
		},
		{
			"from": [5, 0, 6],
			"to": [6, 4, 7],
			"faces": {
				"north": {"uv": [7, 10, 8, 14], "texture": "#6"},
				"east": {"uv": [7, 10, 8, 14], "texture": "#6"},
				"south": {"uv": [7, 10, 8, 14], "texture": "#6"},
				"west": {"uv": [7, 10, 8, 14], "texture": "#6"},
				"up": {"uv": [7, 10, 8, 11], "texture": "#6"},
				"down": {"uv": [14, 10, 15, 11], "texture": "#0"}
			}
		},
		{
			"from": [14, 2, 7],
			"to": [15, 3, 8],
			"faces": {
				"north": {"uv": [14, 11, 15, 12], "texture": "#0"},
				"east": {"uv": [14, 11, 15, 12], "texture": "#0"},
				"south": {"uv": [14, 11, 15, 12], "texture": "#0"},
				"west": {"uv": [14, 11, 15, 12], "texture": "#0"},
				"up": {"uv": [14, 11, 15, 12], "texture": "#0"},
				"down": {"uv": [14, 11, 15, 12], "texture": "#0"}
			}
		},
		{
			"from": [13, 3, 14],
			"to": [14, 4, 15],
			"faces": {
				"north": {"uv": [14, 11, 15, 12], "texture": "#0"},
				"east": {"uv": [14, 11, 15, 12], "texture": "#0"},
				"south": {"uv": [14, 11, 15, 12], "texture": "#0"},
				"west": {"uv": [14, 11, 15, 12], "texture": "#0"},
				"up": {"uv": [14, 11, 15, 12], "texture": "#0"},
				"down": {"uv": [14, 11, 15, 12], "texture": "#0"}
			}
		},
		{
			"from": [14, 0, 6],
			"to": [15, 4, 7],
			"faces": {
				"north": {"uv": [2, 12, 3, 16], "texture": "#0"},
				"east": {"uv": [2, 12, 3, 16], "texture": "#0"},
				"south": {"uv": [2, 12, 3, 16], "texture": "#0"},
				"west": {"uv": [2, 12, 3, 16], "texture": "#0"},
				"up": {"uv": [2, 12, 3, 13], "texture": "#0"},
				"down": {"uv": [2, 15, 3, 16], "texture": "#2"}
			}
		},
		{
			"from": [8, 3, 14],
			"to": [9, 4, 15],
			"faces": {
				"north": {"uv": [14, 11, 15, 12], "texture": "#0"},
				"east": {"uv": [14, 11, 15, 12], "texture": "#0"},
				"south": {"uv": [14, 11, 15, 12], "texture": "#0"},
				"west": {"uv": [14, 11, 15, 12], "texture": "#0"},
				"up": {"uv": [14, 11, 15, 12], "texture": "#0"},
				"down": {"uv": [14, 11, 15, 12], "texture": "#0"}
			}
		},
		{
			"from": [3, 12, 8],
			"to": [4, 15, 9],
			"faces": {
				"north": {"uv": [6, 1, 7, 4], "texture": "#0"},
				"east": {"uv": [6, 1, 7, 4], "texture": "#0"},
				"south": {"uv": [6, 1, 7, 4], "texture": "#0"},
				"west": {"uv": [6, 1, 7, 4], "texture": "#0"},
				"up": {"uv": [6, 1, 7, 2], "texture": "#0"},
				"down": {"uv": [6, 3, 7, 4], "texture": "#0"}
			}
		},
		{
			"from": [13, 0, 13],
			"to": [14, 5, 14],
			"faces": {
				"north": {"uv": [11, 8, 12, 13], "texture": "#0"},
				"east": {"uv": [11, 8, 12, 13], "texture": "#0"},
				"south": {"uv": [11, 8, 12, 13], "texture": "#0"},
				"west": {"uv": [11, 8, 12, 13], "texture": "#0"},
				"up": {"uv": [7, 5, 8, 6], "texture": "#0"},
				"down": {"uv": [2, 15, 3, 16], "texture": "#2"}
			}
		},
		{
			"from": [13, 2, 12],
			"to": [14, 4, 13],
			"faces": {
				"north": {"uv": [7, 2, 8, 4], "texture": "#0"},
				"east": {"uv": [7, 2, 8, 4], "texture": "#0"},
				"south": {"uv": [7, 2, 8, 4], "texture": "#0"},
				"west": {"uv": [7, 2, 8, 4], "texture": "#0"},
				"up": {"uv": [7, 2, 8, 3], "texture": "#0"},
				"down": {"uv": [7, 3, 8, 4], "texture": "#0"}
			}
		},
		{
			"from": [11, 0, 8],
			"to": [12, 5, 9],
			"faces": {
				"north": {"uv": [7, 5, 8, 10], "texture": "#0"},
				"east": {"uv": [7, 5, 8, 10], "texture": "#0"},
				"south": {"uv": [7, 5, 8, 10], "texture": "#0"},
				"west": {"uv": [7, 5, 8, 10], "texture": "#0"},
				"up": {"uv": [7, 5, 8, 6], "texture": "#0"},
				"down": {"uv": [14, 10, 15, 11], "texture": "#0"}
			}
		},
		{
			"from": [11, 1, 9],
			"to": [12, 3, 10],
			"faces": {
				"north": {"uv": [14, 9, 15, 11], "texture": "#0"},
				"east": {"uv": [14, 9, 15, 11], "texture": "#0"},
				"south": {"uv": [14, 9, 15, 11], "texture": "#0"},
				"west": {"uv": [14, 9, 15, 11], "texture": "#0"},
				"up": {"uv": [14, 11, 15, 12], "texture": "#0"},
				"down": {"uv": [14, 10, 15, 11], "texture": "#0"}
			}
		},
		{
			"from": [12, 3, 8],
			"to": [13, 4, 9],
			"faces": {
				"north": {"uv": [7, 5, 8, 6], "texture": "#0"},
				"east": {"uv": [7, 5, 8, 6], "texture": "#0"},
				"south": {"uv": [7, 5, 8, 6], "texture": "#0"},
				"west": {"uv": [7, 5, 8, 6], "texture": "#0"},
				"up": {"uv": [7, 5, 8, 6], "texture": "#0"},
				"down": {"uv": [7, 5, 8, 6], "texture": "#0"}
			}
		},
		{
			"from": [7, 4, 13],
			"to": [8, 7, 14],
			"faces": {
				"north": {"uv": [6, 1, 7, 4], "texture": "#0"},
				"east": {"uv": [6, 1, 7, 4], "texture": "#0"},
				"south": {"uv": [6, 1, 7, 4], "texture": "#0"},
				"west": {"uv": [6, 1, 7, 4], "texture": "#0"},
				"up": {"uv": [7, 2, 8, 3], "texture": "#0"},
				"down": {"uv": [14, 11, 15, 12], "texture": "#0"}
			}
		},
		{
			"from": [5, 3, 14],
			"to": [6, 4, 15],
			"faces": {
				"north": {"uv": [7, 2, 8, 3], "texture": "#0"},
				"east": {"uv": [7, 2, 8, 3], "texture": "#0"},
				"south": {"uv": [7, 2, 8, 3], "texture": "#0"},
				"west": {"uv": [7, 2, 8, 3], "texture": "#0"},
				"up": {"uv": [7, 2, 8, 3], "texture": "#0"},
				"down": {"uv": [7, 2, 8, 3], "texture": "#0"}
			}
		},
		{
			"from": [6, 1, 14],
			"to": [7, 4, 15],
			"faces": {
				"north": {"uv": [8, 3, 9, 6], "texture": "#0"},
				"east": {"uv": [8, 3, 9, 6], "texture": "#0"},
				"south": {"uv": [8, 3, 9, 6], "texture": "#0"},
				"west": {"uv": [8, 3, 9, 6], "texture": "#0"},
				"up": {"uv": [14, 11, 15, 12], "texture": "#0"},
				"down": {"uv": [7, 15, 8, 16], "texture": "#5"}
			}
		},
		{
			"from": [7, 0, 14],
			"to": [8, 6, 15],
			"faces": {
				"north": {"uv": [11, 10, 12, 16], "texture": "#0"},
				"east": {"uv": [11, 10, 12, 16], "texture": "#0"},
				"south": {"uv": [11, 10, 12, 16], "texture": "#0"},
				"west": {"uv": [11, 10, 12, 16], "texture": "#0"},
				"up": {"uv": [14, 11, 15, 12], "texture": "#0"},
				"down": {"uv": [14, 11, 15, 12], "texture": "#0"}
			}
		},
		{
			"from": [12, 3, 1],
			"to": [13, 4, 2],
			"faces": {
				"north": {"uv": [14, 11, 15, 12], "texture": "#0"},
				"east": {"uv": [14, 11, 15, 12], "texture": "#0"},
				"south": {"uv": [14, 11, 15, 12], "texture": "#0"},
				"west": {"uv": [14, 11, 15, 12], "texture": "#0"},
				"up": {"uv": [14, 11, 15, 12], "texture": "#0"},
				"down": {"uv": [14, 11, 15, 12], "texture": "#0"}
			}
		},
		{
			"from": [5, 2, 5],
			"to": [6, 3, 6],
			"faces": {
				"north": {"uv": [14, 11, 15, 12], "texture": "#0"},
				"east": {"uv": [14, 11, 15, 12], "texture": "#0"},
				"south": {"uv": [14, 11, 15, 12], "texture": "#0"},
				"west": {"uv": [14, 11, 15, 12], "texture": "#0"},
				"up": {"uv": [14, 11, 15, 12], "texture": "#0"},
				"down": {"uv": [14, 11, 15, 12], "texture": "#0"}
			}
		},
		{
			"from": [11, 4, 2],
			"to": [12, 5, 3],
			"faces": {
				"north": {"uv": [14, 10, 15, 11], "texture": "#0"},
				"east": {"uv": [14, 10, 15, 11], "texture": "#0"},
				"south": {"uv": [14, 10, 15, 11], "texture": "#0"},
				"west": {"uv": [14, 10, 15, 11], "texture": "#0"},
				"up": {"uv": [14, 10, 15, 11], "texture": "#0"},
				"down": {"uv": [14, 10, 15, 11], "texture": "#0"}
			}
		},
		{
			"from": [12, 0, 2],
			"to": [13, 6, 3],
			"faces": {
				"north": {"uv": [14, 10, 15, 16], "texture": "#0"},
				"east": {"uv": [14, 10, 15, 16], "texture": "#0"},
				"south": {"uv": [14, 10, 15, 16], "texture": "#0"},
				"west": {"uv": [14, 10, 15, 16], "texture": "#0"},
				"up": {"uv": [14, 10, 15, 11], "texture": "#0"},
				"down": {"uv": [2, 15, 3, 16], "texture": "#2"}
			}
		},
		{
			"from": [2, 3, 14],
			"to": [3, 4, 15],
			"faces": {
				"north": {"uv": [14, 10, 15, 11], "texture": "#0"},
				"east": {"uv": [14, 10, 15, 11], "texture": "#0"},
				"south": {"uv": [14, 10, 15, 11], "texture": "#0"},
				"west": {"uv": [14, 10, 15, 11], "texture": "#0"},
				"up": {"uv": [14, 10, 15, 11], "texture": "#0"},
				"down": {"uv": [14, 10, 15, 11], "texture": "#0"}
			}
		},
		{
			"from": [2, 4, 12],
			"to": [3, 5, 13],
			"faces": {
				"north": {"uv": [14, 11, 15, 12], "texture": "#0"},
				"east": {"uv": [14, 11, 15, 12], "texture": "#0"},
				"south": {"uv": [14, 11, 15, 12], "texture": "#0"},
				"west": {"uv": [14, 11, 15, 12], "texture": "#0"},
				"up": {"uv": [14, 11, 15, 12], "texture": "#0"},
				"down": {"uv": [14, 11, 15, 12], "texture": "#0"}
			}
		},
		{
			"from": [2, 0, 13],
			"to": [3, 6, 14],
			"faces": {
				"north": {"uv": [14, 10, 15, 16], "texture": "#0"},
				"east": {"uv": [14, 10, 15, 16], "texture": "#0"},
				"south": {"uv": [14, 10, 15, 16], "texture": "#0"},
				"west": {"uv": [14, 10, 15, 16], "texture": "#0"},
				"up": {"uv": [14, 10, 15, 11], "texture": "#0"},
				"down": {"uv": [2, 15, 3, 16], "texture": "#2"}
			}
		},
		{
			"from": [1, 8, 9],
			"to": [2, 10, 10],
			"faces": {
				"north": {"uv": [9, 3, 10, 5], "texture": "#0"},
				"east": {"uv": [9, 3, 10, 5], "texture": "#0"},
				"south": {"uv": [9, 3, 10, 5], "texture": "#0"},
				"west": {"uv": [9, 3, 10, 5], "texture": "#0"},
				"up": {"uv": [9, 3, 10, 5], "texture": "#0"},
				"down": {"uv": [9, 3, 10, 5], "texture": "#0"}
			}
		},
		{
			"from": [2, 7, 9],
			"to": [3, 10, 10],
			"faces": {
				"north": {"uv": [8, 3, 9, 6], "texture": "#0"},
				"east": {"uv": [8, 3, 9, 6], "texture": "#0"},
				"south": {"uv": [8, 3, 9, 6], "texture": "#0"},
				"west": {"uv": [8, 3, 9, 6], "texture": "#0"},
				"up": {"uv": [8, 3, 9, 4], "texture": "#0"},
				"down": {"uv": [8, 5, 9, 6], "texture": "#0"}
			}
		}
	],
	"display": {
		"ground": {
			"translation": [0, 5, 0]
		}
	}
}
