{
	"credit": "Made by Botany",
	"textures": {
		"2": "block/wheat_stage0",
		"3": "block/wheat_stage1",
		"4": "block/wheat_stage2",
		"5": "block/wheat_stage3",
		"6": "block/wheat_stage4",
		"7": "block/wheat_stage5",
		"particle": "block/wheat_stage6"
	},
	"elements": [
		{
			"from": [9, 0, 5],
			"to": [10, 1, 6],
			"faces": {
				"north": {"uv": [2, 15, 3, 16], "texture": "#2"},
				"east": {"uv": [2, 15, 3, 16], "texture": "#2"},
				"south": {"uv": [2, 15, 3, 16], "texture": "#2"},
				"west": {"uv": [2, 15, 3, 16], "texture": "#2"},
				"up": {"uv": [2, 15, 3, 16], "texture": "#2"},
				"down": {"uv": [2, 15, 3, 16], "texture": "#2"}
			}
		},
		{
			"from": [4, 0, 1],
			"to": [5, 1, 2],
			"faces": {
				"north": {"uv": [2, 15, 3, 16], "texture": "#2"},
				"east": {"uv": [2, 15, 3, 16], "texture": "#2"},
				"south": {"uv": [2, 15, 3, 16], "texture": "#2"},
				"west": {"uv": [2, 15, 3, 16], "texture": "#2"},
				"up": {"uv": [2, 15, 3, 16], "texture": "#2"},
				"down": {"uv": [2, 15, 3, 16], "texture": "#2"}
			}
		},
		{
			"from": [3, 0, 9],
			"to": [4, 15, 10],
			"faces": {
				"north": {"uv": [7, 1, 8, 16], "texture": "#7"},
				"east": {"uv": [7, 1, 8, 16], "texture": "#7"},
				"south": {"uv": [7, 1, 8, 16], "texture": "#7"},
				"west": {"uv": [7, 1, 8, 16], "texture": "#7"},
				"up": {"uv": [7, 13, 8, 14], "texture": "#5"},
				"down": {"uv": [7, 15, 8, 16], "texture": "#5"}
			}
		},
		{
			"from": [6, 9, 2],
			"to": [7, 10, 3],
			"faces": {
				"north": {"uv": [2, 15, 3, 16], "texture": "#2"},
				"east": {"uv": [2, 15, 3, 16], "texture": "#2"},
				"south": {"uv": [2, 15, 3, 16], "texture": "#2"},
				"west": {"uv": [2, 15, 3, 16], "texture": "#2"},
				"up": {"uv": [2, 15, 3, 16], "texture": "#2"},
				"down": {"uv": [2, 15, 3, 16], "texture": "#2"}
			}
		},
		{
			"from": [7, 8, 2],
			"to": [8, 10, 3],
			"faces": {
				"north": {"uv": [7, 14, 8, 16], "texture": "#2"},
				"east": {"uv": [7, 14, 8, 16], "texture": "#2"},
				"south": {"uv": [7, 14, 8, 16], "texture": "#2"},
				"west": {"uv": [7, 14, 8, 16], "texture": "#2"},
				"up": {"uv": [7, 14, 8, 15], "texture": "#2"},
				"down": {"uv": [2, 15, 3, 16], "texture": "#2"}
			}
		},
		{
			"from": [7, 6, 4],
			"to": [8, 9, 5],
			"faces": {
				"north": {"uv": [6, 11, 7, 14], "texture": "#4"},
				"east": {"uv": [6, 11, 7, 14], "texture": "#4"},
				"south": {"uv": [6, 11, 7, 14], "texture": "#4"},
				"west": {"uv": [6, 11, 7, 14], "texture": "#4"},
				"up": {"uv": [7, 14, 8, 15], "texture": "#2"},
				"down": {"uv": [2, 15, 3, 16], "texture": "#2"}
			}
		},
		{
			"from": [8, 8, 4],
			"to": [9, 9, 5],
			"faces": {
				"north": {"uv": [2, 15, 3, 16], "texture": "#2"},
				"east": {"uv": [2, 15, 3, 16], "texture": "#2"},
				"south": {"uv": [2, 15, 3, 16], "texture": "#2"},
				"west": {"uv": [2, 15, 3, 16], "texture": "#2"},
				"up": {"uv": [2, 15, 3, 16], "texture": "#2"},
				"down": {"uv": [2, 15, 3, 16], "texture": "#2"}
			}
		},
		{
			"from": [7, 0, 3],
			"to": [8, 12, 4],
			"faces": {
				"north": {"uv": [7, 4, 8, 16], "texture": "#6"},
				"east": {"uv": [7, 4, 8, 16], "texture": "#6"},
				"south": {"uv": [7, 4, 8, 16], "texture": "#6"},
				"west": {"uv": [7, 4, 8, 16], "texture": "#6"},
				"up": {"uv": [7, 13, 8, 14], "texture": "#5"},
				"down": {"uv": [7, 15, 8, 16], "texture": "#5"}
			}
		},
		{
			"from": [8, 7, 7],
			"to": [9, 8, 8],
			"faces": {
				"north": {"uv": [2, 15, 3, 16], "texture": "#2"},
				"east": {"uv": [2, 15, 3, 16], "texture": "#2"},
				"south": {"uv": [2, 15, 3, 16], "texture": "#2"},
				"west": {"uv": [2, 15, 3, 16], "texture": "#2"},
				"up": {"uv": [2, 15, 3, 16], "texture": "#2"},
				"down": {"uv": [2, 15, 3, 16], "texture": "#2"}
			}
		},
		{
			"from": [8, 6, 8],
			"to": [9, 8, 9],
			"faces": {
				"north": {"uv": [7, 14, 8, 16], "texture": "#2"},
				"east": {"uv": [7, 14, 8, 16], "texture": "#2"},
				"south": {"uv": [7, 14, 8, 16], "texture": "#2"},
				"west": {"uv": [7, 14, 8, 16], "texture": "#2"},
				"up": {"uv": [7, 14, 8, 15], "texture": "#2"},
				"down": {"uv": [2, 15, 3, 16], "texture": "#2"}
			}
		},
		{
			"from": [6, 6, 9],
			"to": [7, 7, 10],
			"faces": {
				"north": {"uv": [2, 15, 3, 16], "texture": "#2"},
				"east": {"uv": [2, 15, 3, 16], "texture": "#2"},
				"south": {"uv": [2, 15, 3, 16], "texture": "#2"},
				"west": {"uv": [2, 15, 3, 16], "texture": "#2"},
				"up": {"uv": [2, 15, 3, 16], "texture": "#2"},
				"down": {"uv": [2, 15, 3, 16], "texture": "#2"}
			}
		},
		{
			"from": [7, 4, 9],
			"to": [8, 7, 10],
			"faces": {
				"north": {"uv": [6, 11, 7, 14], "texture": "#4"},
				"east": {"uv": [6, 11, 7, 14], "texture": "#4"},
				"south": {"uv": [6, 11, 7, 14], "texture": "#4"},
				"west": {"uv": [6, 11, 7, 14], "texture": "#4"},
				"up": {"uv": [7, 14, 8, 15], "texture": "#2"},
				"down": {"uv": [2, 15, 3, 16], "texture": "#2"}
			}
		},
		{
			"from": [8, 0, 9],
			"to": [9, 9, 10],
			"faces": {
				"north": {"uv": [12, 7, 11, 16], "texture": "#7"},
				"east": {"uv": [12, 7, 11, 16], "texture": "#7"},
				"south": {"uv": [12, 7, 11, 16], "texture": "#7"},
				"west": {"uv": [12, 7, 11, 16], "texture": "#7"},
				"up": {"uv": [7, 7, 8, 8], "texture": "#5"},
				"down": {"uv": [7, 15, 8, 16], "texture": "#5"}
			}
		},
		{
			"from": [10, 0, 5],
			"to": [11, 4, 6],
			"faces": {
				"north": {"uv": [7, 10, 8, 14], "texture": "#6"},
				"east": {"uv": [7, 10, 8, 14], "texture": "#6"},
				"south": {"uv": [7, 10, 8, 14], "texture": "#6"},
				"west": {"uv": [7, 10, 8, 14], "texture": "#6"},
				"up": {"uv": [7, 10, 8, 11], "texture": "#6"},
				"down": {"uv": [2, 15, 3, 16], "texture": "#2"}
			}
		},
		{
			"from": [5, 0, 11],
			"to": [6, 4, 12],
			"faces": {
				"north": {"uv": [7, 10, 8, 14], "texture": "#6"},
				"east": {"uv": [7, 10, 8, 14], "texture": "#6"},
				"south": {"uv": [7, 10, 8, 14], "texture": "#6"},
				"west": {"uv": [7, 10, 8, 14], "texture": "#6"},
				"up": {"uv": [7, 10, 8, 11], "texture": "#6"},
				"down": {"uv": [2, 15, 3, 16], "texture": "#2"}
			}
		},
		{
			"from": [2, 0, 4],
			"to": [3, 4, 5],
			"faces": {
				"north": {"uv": [7, 10, 8, 14], "texture": "#6"},
				"east": {"uv": [7, 10, 8, 14], "texture": "#6"},
				"south": {"uv": [7, 10, 8, 14], "texture": "#6"},
				"west": {"uv": [7, 10, 8, 14], "texture": "#6"},
				"up": {"uv": [7, 10, 8, 11], "texture": "#6"},
				"down": {"uv": [2, 15, 3, 16], "texture": "#2"}
			}
		},
		{
			"from": [12, 2, 7],
			"to": [13, 3, 8],
			"faces": {
				"north": {"uv": [2, 15, 3, 16], "texture": "#2"},
				"east": {"uv": [2, 15, 3, 16], "texture": "#2"},
				"south": {"uv": [2, 15, 3, 16], "texture": "#2"},
				"west": {"uv": [2, 15, 3, 16], "texture": "#2"},
				"up": {"uv": [2, 15, 3, 16], "texture": "#2"},
				"down": {"uv": [2, 15, 3, 16], "texture": "#2"}
			}
		},
		{
			"from": [8, 3, 14],
			"to": [9, 4, 15],
			"faces": {
				"north": {"uv": [2, 15, 3, 16], "texture": "#2"},
				"east": {"uv": [2, 15, 3, 16], "texture": "#2"},
				"south": {"uv": [2, 15, 3, 16], "texture": "#2"},
				"west": {"uv": [2, 15, 3, 16], "texture": "#2"},
				"up": {"uv": [2, 15, 3, 16], "texture": "#2"},
				"down": {"uv": [2, 15, 3, 16], "texture": "#2"}
			}
		},
		{
			"from": [14, 1, 7],
			"to": [15, 2, 8],
			"faces": {
				"north": {"uv": [2, 15, 3, 16], "texture": "#2"},
				"east": {"uv": [2, 15, 3, 16], "texture": "#2"},
				"south": {"uv": [2, 15, 3, 16], "texture": "#2"},
				"west": {"uv": [2, 15, 3, 16], "texture": "#2"},
				"up": {"uv": [2, 15, 3, 16], "texture": "#2"},
				"down": {"uv": [2, 15, 3, 16], "texture": "#2"}
			}
		},
		{
			"from": [13, 0, 7],
			"to": [14, 2, 8],
			"faces": {
				"north": {"uv": [7, 14, 8, 16], "texture": "#2"},
				"east": {"uv": [7, 14, 8, 16], "texture": "#2"},
				"south": {"uv": [7, 14, 8, 16], "texture": "#2"},
				"west": {"uv": [7, 14, 8, 16], "texture": "#2"},
				"up": {"uv": [7, 14, 8, 15], "texture": "#2"},
				"down": {"uv": [2, 15, 3, 16], "texture": "#2"}
			}
		},
		{
			"from": [3, 12, 7],
			"to": [4, 13, 8],
			"faces": {
				"north": {"uv": [2, 15, 3, 16], "texture": "#2"},
				"east": {"uv": [2, 15, 3, 16], "texture": "#2"},
				"south": {"uv": [2, 15, 3, 16], "texture": "#2"},
				"west": {"uv": [2, 15, 3, 16], "texture": "#2"},
				"up": {"uv": [2, 15, 3, 16], "texture": "#2"},
				"down": {"uv": [2, 15, 3, 16], "texture": "#2"}
			}
		},
		{
			"from": [3, 11, 8],
			"to": [4, 13, 9],
			"faces": {
				"north": {"uv": [6, 2, 7, 4], "texture": "#7"},
				"east": {"uv": [6, 2, 7, 4], "texture": "#7"},
				"south": {"uv": [6, 2, 7, 4], "texture": "#7"},
				"west": {"uv": [6, 2, 7, 4], "texture": "#7"},
				"up": {"uv": [6, 2, 7, 4], "texture": "#7"},
				"down": {"uv": [6, 2, 7, 4], "texture": "#7"}
			}
		},
		{
			"from": [13, 3, 2],
			"to": [14, 4, 3],
			"faces": {
				"north": {"uv": [2, 15, 3, 16], "texture": "#2"},
				"east": {"uv": [2, 15, 3, 16], "texture": "#2"},
				"south": {"uv": [2, 15, 3, 16], "texture": "#2"},
				"west": {"uv": [2, 15, 3, 16], "texture": "#2"},
				"up": {"uv": [2, 15, 3, 16], "texture": "#2"},
				"down": {"uv": [2, 15, 3, 16], "texture": "#2"}
			}
		},
		{
			"from": [11, 1, 2],
			"to": [12, 3, 3],
			"faces": {
				"north": {"uv": [7, 14, 8, 16], "texture": "#2"},
				"east": {"uv": [7, 14, 8, 16], "texture": "#2"},
				"south": {"uv": [7, 14, 8, 16], "texture": "#2"},
				"west": {"uv": [7, 14, 8, 16], "texture": "#2"},
				"up": {"uv": [7, 14, 8, 15], "texture": "#2"},
				"down": {"uv": [2, 15, 3, 16], "texture": "#2"}
			}
		},
		{
			"from": [12, 0, 2],
			"to": [13, 5, 3],
			"faces": {
				"north": {"uv": [7, 11, 8, 16], "texture": "#3"},
				"east": {"uv": [7, 11, 8, 16], "texture": "#3"},
				"south": {"uv": [7, 11, 8, 16], "texture": "#3"},
				"west": {"uv": [7, 11, 8, 16], "texture": "#3"},
				"up": {"uv": [2, 15, 3, 16], "texture": "#2"},
				"down": {"uv": [2, 15, 3, 16], "texture": "#2"}
			}
		},
		{
			"from": [12, 3, 13],
			"to": [13, 4, 14],
			"faces": {
				"north": {"uv": [2, 15, 3, 16], "texture": "#2"},
				"east": {"uv": [2, 15, 3, 16], "texture": "#2"},
				"south": {"uv": [2, 15, 3, 16], "texture": "#2"},
				"west": {"uv": [2, 15, 3, 16], "texture": "#2"},
				"up": {"uv": [2, 15, 3, 16], "texture": "#2"},
				"down": {"uv": [2, 15, 3, 16], "texture": "#2"}
			}
		},
		{
			"from": [2, 2, 3],
			"to": [3, 3, 4],
			"faces": {
				"north": {"uv": [2, 15, 3, 16], "texture": "#2"},
				"east": {"uv": [2, 15, 3, 16], "texture": "#2"},
				"south": {"uv": [2, 15, 3, 16], "texture": "#2"},
				"west": {"uv": [2, 15, 3, 16], "texture": "#2"},
				"up": {"uv": [2, 15, 3, 16], "texture": "#2"},
				"down": {"uv": [2, 15, 3, 16], "texture": "#2"}
			}
		},
		{
			"from": [12, 1, 11],
			"to": [13, 3, 12],
			"faces": {
				"north": {"uv": [7, 14, 8, 16], "texture": "#2"},
				"east": {"uv": [7, 14, 8, 16], "texture": "#2"},
				"south": {"uv": [7, 14, 8, 16], "texture": "#2"},
				"west": {"uv": [7, 14, 8, 16], "texture": "#2"},
				"up": {"uv": [7, 14, 8, 15], "texture": "#2"},
				"down": {"uv": [2, 15, 3, 16], "texture": "#2"}
			}
		},
		{
			"from": [12, 0, 12],
			"to": [13, 5, 13],
			"faces": {
				"north": {"uv": [7, 11, 8, 16], "texture": "#3"},
				"east": {"uv": [7, 11, 8, 16], "texture": "#3"},
				"south": {"uv": [7, 11, 8, 16], "texture": "#3"},
				"west": {"uv": [7, 11, 8, 16], "texture": "#3"},
				"up": {"uv": [2, 15, 3, 16], "texture": "#2"},
				"down": {"uv": [2, 15, 3, 16], "texture": "#2"}
			}
		},
		{
			"from": [3, 3, 13],
			"to": [4, 4, 14],
			"faces": {
				"north": {"uv": [2, 15, 3, 16], "texture": "#2"},
				"east": {"uv": [2, 15, 3, 16], "texture": "#2"},
				"south": {"uv": [2, 15, 3, 16], "texture": "#2"},
				"west": {"uv": [2, 15, 3, 16], "texture": "#2"},
				"up": {"uv": [2, 15, 3, 16], "texture": "#2"},
				"down": {"uv": [2, 15, 3, 16], "texture": "#2"}
			}
		},
		{
			"from": [2, 1, 12],
			"to": [3, 3, 13],
			"faces": {
				"north": {"uv": [7, 14, 8, 16], "texture": "#2"},
				"east": {"uv": [7, 14, 8, 16], "texture": "#2"},
				"south": {"uv": [7, 14, 8, 16], "texture": "#2"},
				"west": {"uv": [7, 14, 8, 16], "texture": "#2"},
				"up": {"uv": [7, 14, 8, 15], "texture": "#2"},
				"down": {"uv": [2, 15, 3, 16], "texture": "#2"}
			}
		},
		{
			"from": [2, 0, 13],
			"to": [3, 5, 14],
			"faces": {
				"north": {"uv": [7, 11, 8, 16], "texture": "#3"},
				"east": {"uv": [7, 11, 8, 16], "texture": "#3"},
				"south": {"uv": [7, 11, 8, 16], "texture": "#3"},
				"west": {"uv": [7, 11, 8, 16], "texture": "#3"},
				"up": {"uv": [2, 15, 3, 16], "texture": "#2"},
				"down": {"uv": [2, 15, 3, 16], "texture": "#2"}
			}
		},
		{
			"from": [5, 0, 6],
			"to": [6, 2, 7],
			"faces": {
				"north": {"uv": [7, 14, 8, 16], "texture": "#2"},
				"east": {"uv": [7, 14, 8, 16], "texture": "#2"},
				"south": {"uv": [7, 14, 8, 16], "texture": "#2"},
				"west": {"uv": [7, 14, 8, 16], "texture": "#2"},
				"up": {"uv": [7, 14, 8, 15], "texture": "#2"},
				"down": {"uv": [2, 15, 3, 16], "texture": "#2"}
			}
		},
		{
			"from": [10, 0, 9],
			"to": [11, 2, 10],
			"faces": {
				"north": {"uv": [7, 14, 8, 16], "texture": "#2"},
				"east": {"uv": [7, 14, 8, 16], "texture": "#2"},
				"south": {"uv": [7, 14, 8, 16], "texture": "#2"},
				"west": {"uv": [7, 14, 8, 16], "texture": "#2"},
				"up": {"uv": [7, 14, 8, 15], "texture": "#2"},
				"down": {"uv": [2, 15, 3, 16], "texture": "#2"}
			}
		},
		{
			"from": [7, 4, 13],
			"to": [8, 7, 14],
			"faces": {
				"north": {"uv": [8, 9, 9, 12], "texture": "#4"},
				"east": {"uv": [8, 9, 9, 12], "texture": "#4"},
				"south": {"uv": [8, 9, 9, 12], "texture": "#4"},
				"west": {"uv": [8, 9, 9, 12], "texture": "#4"},
				"up": {"uv": [2, 15, 3, 16], "texture": "#2"},
				"down": {"uv": [7, 14, 8, 15], "texture": "#2"}
			}
		},
		{
			"from": [5, 3, 14],
			"to": [6, 4, 15],
			"faces": {
				"north": {"uv": [2, 15, 3, 16], "texture": "#2"},
				"east": {"uv": [2, 15, 3, 16], "texture": "#2"},
				"south": {"uv": [2, 15, 3, 16], "texture": "#2"},
				"west": {"uv": [2, 15, 3, 16], "texture": "#2"},
				"up": {"uv": [2, 15, 3, 16], "texture": "#2"},
				"down": {"uv": [2, 15, 3, 16], "texture": "#2"}
			}
		},
		{
			"from": [6, 1, 14],
			"to": [7, 4, 15],
			"faces": {
				"north": {"uv": [6, 11, 7, 14], "texture": "#4"},
				"east": {"uv": [6, 11, 7, 14], "texture": "#4"},
				"south": {"uv": [6, 11, 7, 14], "texture": "#4"},
				"west": {"uv": [6, 11, 7, 14], "texture": "#4"},
				"up": {"uv": [7, 14, 8, 15], "texture": "#2"},
				"down": {"uv": [2, 15, 3, 16], "texture": "#2"}
			}
		},
		{
			"from": [7, 0, 14],
			"to": [8, 6, 15],
			"faces": {
				"north": {"uv": [11, 10, 12, 16], "texture": "#7"},
				"east": {"uv": [11, 10, 12, 16], "texture": "#7"},
				"south": {"uv": [11, 10, 12, 16], "texture": "#7"},
				"west": {"uv": [11, 10, 12, 16], "texture": "#7"},
				"up": {"uv": [2, 15, 3, 16], "texture": "#2"},
				"down": {"uv": [2, 15, 3, 16], "texture": "#2"}
			}
		},
		{
			"from": [1, 9, 9],
			"to": [2, 10, 10],
			"faces": {
				"north": {"uv": [2, 15, 3, 16], "texture": "#2"},
				"east": {"uv": [2, 15, 3, 16], "texture": "#2"},
				"south": {"uv": [2, 15, 3, 16], "texture": "#2"},
				"west": {"uv": [2, 15, 3, 16], "texture": "#2"},
				"up": {"uv": [2, 15, 3, 16], "texture": "#2"},
				"down": {"uv": [2, 15, 3, 16], "texture": "#2"}
			}
		},
		{
			"from": [2, 7, 9],
			"to": [3, 10, 10],
			"faces": {
				"north": {"uv": [2, 10, 3, 13], "texture": "#7"},
				"east": {"uv": [2, 10, 3, 13], "texture": "#7"},
				"south": {"uv": [2, 10, 3, 13], "texture": "#7"},
				"west": {"uv": [2, 10, 3, 13], "texture": "#7"},
				"up": {"uv": [6, 2, 7, 3], "texture": "#7"},
				"down": {"uv": [7, 6, 8, 7], "texture": "#7"}
			}
		}
	],
	"display": {
		"ground": {
			"translation": [0, 5, 0]
		}
	}
}
