{
	"credit": "Made by Botany",
	"textures": {
		"2": "block/wheat_stage0",
		"3": "block/wheat_stage1",
		"4": "block/wheat_stage2",
		"particle": "block/wheat_stage6"
	},
	"elements": [
		{
			"from": [6, 0, 13],
			"to": [7, 2, 14],
			"faces": {
				"north": {"uv": [7, 14, 8, 16], "texture": "#2"},
				"east": {"uv": [7, 14, 8, 16], "texture": "#2"},
				"south": {"uv": [7, 14, 8, 16], "texture": "#2"},
				"west": {"uv": [7, 14, 8, 16], "texture": "#2"},
				"up": {"uv": [7, 14, 8, 15], "texture": "#2"},
				"down": {"uv": [2, 15, 3, 16], "texture": "#2"}
			}
		},
		{
			"from": [12, 0, 12],
			"to": [13, 2, 13],
			"faces": {
				"north": {"uv": [7, 14, 8, 16], "texture": "#2"},
				"east": {"uv": [7, 14, 8, 16], "texture": "#2"},
				"south": {"uv": [7, 14, 8, 16], "texture": "#2"},
				"west": {"uv": [7, 14, 8, 16], "texture": "#2"},
				"up": {"uv": [7, 14, 8, 15], "texture": "#2"},
				"down": {"uv": [2, 15, 3, 16], "texture": "#2"}
			}
		},
		{
			"from": [6, 1, 5],
			"to": [7, 3, 6],
			"faces": {
				"north": {"uv": [7, 14, 8, 16], "texture": "#2"},
				"east": {"uv": [7, 14, 8, 16], "texture": "#2"},
				"south": {"uv": [7, 14, 8, 16], "texture": "#2"},
				"west": {"uv": [7, 14, 8, 16], "texture": "#2"},
				"up": {"uv": [7, 14, 8, 15], "texture": "#2"},
				"down": {"uv": [2, 15, 3, 16], "texture": "#2"}
			}
		},
		{
			"from": [13, 0, 6],
			"to": [14, 1, 7],
			"faces": {
				"north": {"uv": [2, 15, 3, 16], "texture": "#2"},
				"east": {"uv": [2, 15, 3, 16], "texture": "#2"},
				"south": {"uv": [2, 15, 3, 16], "texture": "#2"},
				"west": {"uv": [2, 15, 3, 16], "texture": "#2"},
				"up": {"uv": [2, 15, 3, 16], "texture": "#2"},
				"down": {"uv": [2, 15, 3, 16], "texture": "#2"}
			}
		},
		{
			"from": [11, 0, 2],
			"to": [12, 1, 3],
			"faces": {
				"north": {"uv": [2, 15, 3, 16], "texture": "#2"},
				"east": {"uv": [2, 15, 3, 16], "texture": "#2"},
				"south": {"uv": [2, 15, 3, 16], "texture": "#2"},
				"west": {"uv": [2, 15, 3, 16], "texture": "#2"},
				"up": {"uv": [2, 15, 3, 16], "texture": "#2"},
				"down": {"uv": [2, 15, 3, 16], "texture": "#2"}
			}
		},
		{
			"from": [9, 0, 8],
			"to": [10, 2, 9],
			"faces": {
				"north": {"uv": [7, 14, 8, 16], "texture": "#2"},
				"east": {"uv": [7, 14, 8, 16], "texture": "#2"},
				"south": {"uv": [7, 14, 8, 16], "texture": "#2"},
				"west": {"uv": [7, 14, 8, 16], "texture": "#2"},
				"up": {"uv": [7, 14, 8, 15], "texture": "#2"},
				"down": {"uv": [2, 15, 3, 16], "texture": "#2"}
			}
		},
		{
			"from": [11, 0, 12],
			"to": [12, 1, 13],
			"faces": {
				"north": {"uv": [2, 15, 3, 16], "texture": "#2"},
				"east": {"uv": [2, 15, 3, 16], "texture": "#2"},
				"south": {"uv": [2, 15, 3, 16], "texture": "#2"},
				"west": {"uv": [2, 15, 3, 16], "texture": "#2"},
				"up": {"uv": [2, 15, 3, 16], "texture": "#2"},
				"down": {"uv": [2, 15, 3, 16], "texture": "#2"}
			}
		},
		{
			"from": [9, 1, 7],
			"to": [10, 2, 8],
			"faces": {
				"north": {"uv": [2, 15, 3, 16], "texture": "#2"},
				"east": {"uv": [2, 15, 3, 16], "texture": "#2"},
				"south": {"uv": [2, 15, 3, 16], "texture": "#2"},
				"west": {"uv": [2, 15, 3, 16], "texture": "#2"},
				"up": {"uv": [2, 15, 3, 16], "texture": "#2"},
				"down": {"uv": [2, 15, 3, 16], "texture": "#2"}
			}
		},
		{
			"from": [9, 2, 9],
			"to": [10, 3, 10],
			"faces": {
				"north": {"uv": [2, 15, 3, 16], "texture": "#2"},
				"east": {"uv": [2, 15, 3, 16], "texture": "#2"},
				"south": {"uv": [2, 15, 3, 16], "texture": "#2"},
				"west": {"uv": [2, 15, 3, 16], "texture": "#2"},
				"up": {"uv": [2, 15, 3, 16], "texture": "#2"},
				"down": {"uv": [2, 15, 3, 16], "texture": "#2"}
			}
		},
		{
			"from": [6, 0, 4],
			"to": [7, 5, 5],
			"faces": {
				"north": {"uv": [7, 11, 8, 16], "texture": "#3"},
				"east": {"uv": [7, 11, 8, 16], "texture": "#3"},
				"south": {"uv": [7, 11, 8, 16], "texture": "#3"},
				"west": {"uv": [7, 11, 8, 16], "texture": "#3"},
				"up": {"uv": [2, 15, 3, 16], "texture": "#2"},
				"down": {"uv": [2, 15, 3, 16], "texture": "#2"}
			}
		},
		{
			"from": [6, 3, 3],
			"to": [7, 4, 4],
			"faces": {
				"north": {"uv": [2, 15, 3, 16], "texture": "#2"},
				"east": {"uv": [2, 15, 3, 16], "texture": "#2"},
				"south": {"uv": [2, 15, 3, 16], "texture": "#2"},
				"west": {"uv": [2, 15, 3, 16], "texture": "#2"},
				"up": {"uv": [2, 15, 3, 16], "texture": "#2"},
				"down": {"uv": [2, 15, 3, 16], "texture": "#2"}
			}
		},
		{
			"from": [2, 0, 4],
			"to": [3, 2, 5],
			"faces": {
				"north": {"uv": [7, 14, 8, 16], "texture": "#2"},
				"east": {"uv": [7, 14, 8, 16], "texture": "#2"},
				"south": {"uv": [7, 14, 8, 16], "texture": "#2"},
				"west": {"uv": [7, 14, 8, 16], "texture": "#2"},
				"up": {"uv": [7, 14, 8, 15], "texture": "#2"},
				"down": {"uv": [2, 15, 3, 16], "texture": "#2"}
			}
		},
		{
			"from": [3, 0, 9],
			"to": [4, 6, 10],
			"faces": {
				"north": {"uv": [7, 10, 8, 16], "texture": "#4"},
				"east": {"uv": [7, 10, 8, 16], "texture": "#4"},
				"south": {"uv": [7, 10, 8, 16], "texture": "#4"},
				"west": {"uv": [7, 10, 8, 16], "texture": "#4"},
				"up": {"uv": [7, 14, 8, 15], "texture": "#2"},
				"down": {"uv": [2, 15, 3, 16], "texture": "#2"}
			}
		},
		{
			"from": [3, 2, 10],
			"to": [4, 5, 11],
			"faces": {
				"north": {"uv": [6, 11, 7, 14], "texture": "#4"},
				"east": {"uv": [6, 11, 7, 14], "texture": "#4"},
				"south": {"uv": [6, 11, 7, 14], "texture": "#4"},
				"west": {"uv": [6, 11, 7, 14], "texture": "#4"},
				"up": {"uv": [7, 14, 8, 15], "texture": "#2"},
				"down": {"uv": [2, 15, 3, 16], "texture": "#2"}
			}
		},
		{
			"from": [3, 4, 11],
			"to": [4, 5, 12],
			"faces": {
				"north": {"uv": [2, 15, 3, 16], "texture": "#2"},
				"east": {"uv": [2, 15, 3, 16], "texture": "#2"},
				"south": {"uv": [2, 15, 3, 16], "texture": "#2"},
				"west": {"uv": [2, 15, 3, 16], "texture": "#2"},
				"up": {"uv": [2, 15, 3, 16], "texture": "#2"},
				"down": {"uv": [2, 15, 3, 16], "texture": "#2"}
			}
		},
		{
			"from": [3, 4, 8],
			"to": [4, 7, 9],
			"faces": {
				"north": {"uv": [8, 9, 9, 12], "texture": "#4"},
				"east": {"uv": [8, 9, 9, 12], "texture": "#4"},
				"south": {"uv": [8, 9, 9, 12], "texture": "#4"},
				"west": {"uv": [8, 9, 9, 12], "texture": "#4"},
				"up": {"uv": [2, 15, 3, 16], "texture": "#2"},
				"down": {"uv": [7, 14, 8, 15], "texture": "#2"}
			}
		}
	]
}
