{
	"credit": "Made by Botany",
	"textures": {
		"0": "block/wheat_stage6",
		"1": "block/wheat_stage7",
		"5": "block/wheat_stage3",
		"particle": "block/wheat_stage6"
	},
	"elements": [
		{
			"from": [8, 0, 8],
			"to": [9, 15, 9],
			"faces": {
				"north": {"uv": [7, 1, 8, 16], "texture": "#1"},
				"east": {"uv": [7, 1, 8, 16], "texture": "#1"},
				"south": {"uv": [7, 1, 8, 16], "texture": "#1"},
				"west": {"uv": [7, 1, 8, 16], "texture": "#0"},
				"up": {"uv": [7, 1, 8, 2], "texture": "#1"},
				"down": {"uv": [7, 15, 8, 16], "texture": "#5"}
			}
		},
		{
			"from": [11, 6, 8],
			"to": [12, 8, 9],
			"faces": {
				"north": {"uv": [7, 2, 8, 4], "texture": "#1"},
				"east": {"uv": [7, 2, 8, 4], "texture": "#1"},
				"south": {"uv": [7, 2, 8, 4], "texture": "#1"},
				"west": {"uv": [7, 2, 8, 4], "texture": "#1"},
				"up": {"uv": [7, 2, 8, 3], "texture": "#1"},
				"down": {"uv": [7, 3, 8, 4], "texture": "#1"}
			}
		},
		{
			"from": [5, 5, 6],
			"to": [6, 7, 7],
			"faces": {
				"north": {"uv": [7, 2, 8, 4], "texture": "#1"},
				"east": {"uv": [7, 2, 8, 4], "texture": "#1"},
				"south": {"uv": [7, 2, 8, 4], "texture": "#1"},
				"west": {"uv": [7, 2, 8, 4], "texture": "#1"},
				"up": {"uv": [7, 2, 8, 3], "texture": "#1"},
				"down": {"uv": [7, 3, 8, 4], "texture": "#1"}
			}
		},
		{
			"from": [11, 4, 14],
			"to": [12, 6, 15],
			"faces": {
				"north": {"uv": [7, 2, 8, 4], "texture": "#1"},
				"east": {"uv": [7, 2, 8, 4], "texture": "#1"},
				"south": {"uv": [7, 2, 8, 4], "texture": "#1"},
				"west": {"uv": [7, 2, 8, 4], "texture": "#1"},
				"up": {"uv": [7, 2, 8, 3], "texture": "#1"},
				"down": {"uv": [7, 3, 8, 4], "texture": "#1"}
			}
		},
		{
			"from": [9, 6, 10],
			"to": [10, 8, 11],
			"faces": {
				"north": {"uv": [7, 2, 8, 4], "texture": "#1"},
				"east": {"uv": [7, 2, 8, 4], "texture": "#1"},
				"south": {"uv": [7, 2, 8, 4], "texture": "#1"},
				"west": {"uv": [7, 2, 8, 4], "texture": "#1"},
				"up": {"uv": [7, 2, 8, 3], "texture": "#1"},
				"down": {"uv": [7, 3, 8, 4], "texture": "#1"}
			}
		},
		{
			"from": [13, 9, 14],
			"to": [14, 12, 15],
			"faces": {
				"north": {"uv": [13, 5, 14, 8], "texture": "#1"},
				"east": {"uv": [13, 5, 14, 8], "texture": "#1"},
				"south": {"uv": [13, 5, 14, 8], "texture": "#1"},
				"west": {"uv": [13, 5, 14, 8], "texture": "#1"},
				"up": {"uv": [13, 5, 14, 6], "texture": "#1"},
				"down": {"uv": [13, 7, 14, 8], "texture": "#1"}
			}
		},
		{
			"from": [10, 10, 11],
			"to": [11, 13, 12],
			"faces": {
				"north": {"uv": [13, 5, 14, 8], "texture": "#1"},
				"east": {"uv": [13, 5, 14, 8], "texture": "#1"},
				"south": {"uv": [13, 5, 14, 8], "texture": "#1"},
				"west": {"uv": [13, 5, 14, 8], "texture": "#1"},
				"up": {"uv": [13, 5, 14, 6], "texture": "#1"},
				"down": {"uv": [13, 7, 14, 8], "texture": "#1"}
			}
		},
		{
			"from": [11, 9, 6],
			"to": [12, 12, 7],
			"faces": {
				"north": {"uv": [13, 5, 14, 8], "texture": "#1"},
				"east": {"uv": [13, 5, 14, 8], "texture": "#1"},
				"south": {"uv": [13, 5, 14, 8], "texture": "#1"},
				"west": {"uv": [13, 5, 14, 8], "texture": "#1"},
				"up": {"uv": [13, 5, 14, 6], "texture": "#1"},
				"down": {"uv": [13, 7, 14, 8], "texture": "#1"}
			}
		},
		{
			"from": [3, 9, 6],
			"to": [4, 12, 7],
			"faces": {
				"north": {"uv": [13, 5, 14, 8], "texture": "#1"},
				"east": {"uv": [13, 5, 14, 8], "texture": "#1"},
				"south": {"uv": [13, 5, 14, 8], "texture": "#1"},
				"west": {"uv": [13, 5, 14, 8], "texture": "#1"},
				"up": {"uv": [13, 5, 14, 6], "texture": "#1"},
				"down": {"uv": [13, 7, 14, 8], "texture": "#1"}
			}
		},
		{
			"from": [12, 0, 14],
			"to": [13, 12, 15],
			"faces": {
				"north": {"uv": [11, 4, 12, 16], "texture": "#1"},
				"east": {"uv": [11, 4, 12, 16], "texture": "#1"},
				"south": {"uv": [11, 4, 12, 16], "texture": "#1"},
				"west": {"uv": [11, 4, 12, 16], "texture": "#1"},
				"up": {"uv": [11, 4, 12, 5], "texture": "#1"},
				"down": {"uv": [7, 15, 8, 16], "texture": "#1"}
			}
		},
		{
			"from": [10, 0, 10],
			"to": [11, 12, 11],
			"faces": {
				"north": {"uv": [11, 4, 12, 16], "texture": "#1"},
				"east": {"uv": [11, 4, 12, 16], "texture": "#1"},
				"south": {"uv": [11, 4, 12, 16], "texture": "#1"},
				"west": {"uv": [11, 4, 12, 16], "texture": "#1"},
				"up": {"uv": [11, 4, 12, 5], "texture": "#1"},
				"down": {"uv": [7, 15, 8, 16], "texture": "#1"}
			}
		},
		{
			"from": [11, 0, 7],
			"to": [12, 12, 8],
			"faces": {
				"north": {"uv": [11, 4, 12, 16], "texture": "#1"},
				"east": {"uv": [11, 4, 12, 16], "texture": "#1"},
				"south": {"uv": [11, 4, 12, 16], "texture": "#1"},
				"west": {"uv": [11, 4, 12, 16], "texture": "#1"},
				"up": {"uv": [11, 4, 12, 5], "texture": "#1"},
				"down": {"uv": [7, 15, 8, 16], "texture": "#1"}
			}
		},
		{
			"from": [4, 0, 6],
			"to": [5, 12, 7],
			"faces": {
				"north": {"uv": [11, 4, 12, 16], "texture": "#1"},
				"east": {"uv": [11, 4, 12, 16], "texture": "#1"},
				"south": {"uv": [11, 4, 12, 16], "texture": "#1"},
				"west": {"uv": [11, 4, 12, 16], "texture": "#1"},
				"up": {"uv": [11, 4, 12, 5], "texture": "#1"},
				"down": {"uv": [7, 15, 8, 16], "texture": "#1"}
			}
		},
		{
			"from": [13, 8, 2],
			"to": [14, 11, 3],
			"faces": {
				"north": {"uv": [11, 8, 12, 11], "texture": "#1"},
				"east": {"uv": [11, 8, 12, 11], "texture": "#1"},
				"south": {"uv": [11, 8, 12, 11], "texture": "#1"},
				"west": {"uv": [11, 8, 12, 11], "texture": "#1"},
				"up": {"uv": [11, 8, 12, 9], "texture": "#1"},
				"down": {"uv": [11, 10, 12, 11], "texture": "#1"}
			}
		},
		{
			"from": [2, 10, 12],
			"to": [3, 13, 13],
			"faces": {
				"north": {"uv": [11, 2, 12, 5], "texture": "#1"},
				"east": {"uv": [11, 2, 12, 5], "texture": "#1"},
				"south": {"uv": [11, 2, 12, 5], "texture": "#1"},
				"west": {"uv": [11, 2, 12, 5], "texture": "#1"},
				"up": {"uv": [11, 2, 12, 3], "texture": "#1"},
				"down": {"uv": [11, 4, 12, 5], "texture": "#1"}
			}
		},
		{
			"from": [2, 8, 10],
			"to": [3, 10, 11],
			"faces": {
				"north": {"uv": [10, 3, 11, 5], "texture": "#1"},
				"east": {"uv": [10, 3, 11, 5], "texture": "#1"},
				"south": {"uv": [10, 3, 11, 5], "texture": "#1"},
				"west": {"uv": [10, 3, 11, 5], "texture": "#1"},
				"up": {"uv": [10, 3, 11, 4], "texture": "#1"},
				"down": {"uv": [10, 4, 11, 5], "texture": "#1"}
			}
		},
		{
			"from": [2, 0, 11],
			"to": [3, 12, 12],
			"faces": {
				"north": {"uv": [11, 4, 12, 16], "texture": "#1"},
				"east": {"uv": [11, 4, 12, 16], "texture": "#1"},
				"south": {"uv": [11, 4, 12, 16], "texture": "#1"},
				"west": {"uv": [11, 4, 12, 16], "texture": "#1"},
				"up": {"uv": [11, 4, 12, 5], "texture": "#1"},
				"down": {"uv": [7, 15, 8, 16], "texture": "#5"}
			}
		},
		{
			"from": [13, 7, 11],
			"to": [14, 9, 12],
			"faces": {
				"north": {"uv": [7, 2, 8, 4], "texture": "#1"},
				"east": {"uv": [7, 2, 8, 4], "texture": "#1"},
				"south": {"uv": [7, 2, 8, 4], "texture": "#1"},
				"west": {"uv": [7, 2, 8, 4], "texture": "#1"},
				"up": {"uv": [7, 2, 8, 3], "texture": "#1"},
				"down": {"uv": [7, 3, 8, 4], "texture": "#1"}
			}
		},
		{
			"from": [7, 7, 13],
			"to": [8, 9, 14],
			"faces": {
				"north": {"uv": [7, 2, 8, 4], "texture": "#1"},
				"east": {"uv": [7, 2, 8, 4], "texture": "#1"},
				"south": {"uv": [7, 2, 8, 4], "texture": "#1"},
				"west": {"uv": [7, 2, 8, 4], "texture": "#1"},
				"up": {"uv": [7, 2, 8, 3], "texture": "#1"},
				"down": {"uv": [7, 3, 8, 4], "texture": "#1"}
			}
		},
		{
			"from": [7, 3, 5],
			"to": [8, 7, 6],
			"faces": {
				"north": {"uv": [4, 6, 5, 10], "texture": "#1"},
				"east": {"uv": [4, 6, 5, 10], "texture": "#1"},
				"south": {"uv": [4, 6, 5, 10], "texture": "#1"},
				"west": {"uv": [4, 6, 5, 10], "texture": "#1"},
				"up": {"uv": [4, 6, 5, 7], "texture": "#1"},
				"down": {"uv": [4, 9, 5, 10], "texture": "#1"}
			}
		},
		{
			"from": [8, 0, 5],
			"to": [9, 9, 6],
			"faces": {
				"north": {"uv": [12, 7, 11, 16], "texture": "#1"},
				"east": {"uv": [12, 7, 11, 16], "texture": "#1"},
				"south": {"uv": [12, 7, 11, 16], "texture": "#1"},
				"west": {"uv": [12, 7, 11, 16], "texture": "#1"},
				"up": {"uv": [15, 7, 14, 8], "texture": "#1"},
				"down": {"uv": [7, 15, 8, 16], "texture": "#5"}
			}
		},
		{
			"from": [9, 7, 5],
			"to": [10, 9, 6],
			"faces": {
				"north": {"uv": [7, 2, 8, 4], "texture": "#1"},
				"east": {"uv": [7, 2, 8, 4], "texture": "#1"},
				"south": {"uv": [7, 2, 8, 4], "texture": "#1"},
				"west": {"uv": [7, 2, 8, 4], "texture": "#1"},
				"up": {"uv": [7, 2, 8, 3], "texture": "#1"},
				"down": {"uv": [7, 3, 8, 4], "texture": "#1"}
			}
		},
		{
			"from": [7, 7, 2],
			"to": [8, 9, 3],
			"faces": {
				"north": {"uv": [7, 2, 8, 4], "texture": "#1"},
				"east": {"uv": [7, 2, 8, 4], "texture": "#1"},
				"south": {"uv": [7, 2, 8, 4], "texture": "#1"},
				"west": {"uv": [7, 2, 8, 4], "texture": "#1"},
				"up": {"uv": [7, 2, 8, 3], "texture": "#1"},
				"down": {"uv": [7, 3, 8, 4], "texture": "#1"}
			}
		},
		{
			"from": [14, 2, 10],
			"to": [15, 6, 11],
			"faces": {
				"north": {"uv": [4, 6, 5, 10], "texture": "#1"},
				"east": {"uv": [4, 6, 5, 10], "texture": "#1"},
				"south": {"uv": [4, 6, 5, 10], "texture": "#1"},
				"west": {"uv": [4, 6, 5, 10], "texture": "#1"},
				"up": {"uv": [4, 6, 5, 7], "texture": "#1"},
				"down": {"uv": [4, 9, 5, 10], "texture": "#1"}
			}
		},
		{
			"from": [8, 3, 1],
			"to": [9, 7, 2],
			"faces": {
				"north": {"uv": [4, 6, 5, 10], "texture": "#1"},
				"east": {"uv": [4, 6, 5, 10], "texture": "#1"},
				"south": {"uv": [4, 6, 5, 10], "texture": "#1"},
				"west": {"uv": [4, 6, 5, 10], "texture": "#1"},
				"up": {"uv": [4, 6, 5, 7], "texture": "#1"},
				"down": {"uv": [4, 9, 5, 10], "texture": "#1"}
			}
		},
		{
			"from": [5, 3, 13],
			"to": [6, 7, 14],
			"faces": {
				"north": {"uv": [4, 6, 5, 10], "texture": "#1"},
				"east": {"uv": [4, 6, 5, 10], "texture": "#1"},
				"south": {"uv": [4, 6, 5, 10], "texture": "#1"},
				"west": {"uv": [4, 6, 5, 10], "texture": "#1"},
				"up": {"uv": [4, 6, 5, 7], "texture": "#1"},
				"down": {"uv": [4, 9, 5, 10], "texture": "#1"}
			}
		},
		{
			"from": [13, 0, 10],
			"to": [14, 9, 11],
			"faces": {
				"north": {"uv": [12, 7, 11, 16], "texture": "#1"},
				"east": {"uv": [12, 7, 11, 16], "texture": "#1"},
				"south": {"uv": [12, 7, 11, 16], "texture": "#1"},
				"west": {"uv": [12, 7, 11, 16], "texture": "#1"},
				"up": {"uv": [15, 7, 14, 8], "texture": "#1"},
				"down": {"uv": [7, 15, 8, 16], "texture": "#5"}
			}
		},
		{
			"from": [8, 0, 2],
			"to": [9, 9, 3],
			"faces": {
				"north": {"uv": [12, 7, 11, 16], "texture": "#1"},
				"east": {"uv": [12, 7, 11, 16], "texture": "#1"},
				"south": {"uv": [12, 7, 11, 16], "texture": "#1"},
				"west": {"uv": [12, 7, 11, 16], "texture": "#1"},
				"up": {"uv": [15, 7, 14, 8], "texture": "#1"},
				"down": {"uv": [7, 15, 8, 16], "texture": "#5"}
			}
		},
		{
			"from": [6, 0, 13],
			"to": [7, 9, 14],
			"faces": {
				"north": {"uv": [12, 7, 11, 16], "texture": "#1"},
				"east": {"uv": [12, 7, 11, 16], "texture": "#1"},
				"south": {"uv": [12, 7, 11, 16], "texture": "#1"},
				"west": {"uv": [12, 7, 11, 16], "texture": "#1"},
				"up": {"uv": [15, 7, 14, 8], "texture": "#1"},
				"down": {"uv": [7, 15, 8, 16], "texture": "#5"}
			}
		},
		{
			"from": [4, 0, 1],
			"to": [5, 4, 2],
			"faces": {
				"north": {"uv": [12, 12, 13, 16], "texture": "#1"},
				"east": {"uv": [12, 12, 13, 16], "texture": "#1"},
				"south": {"uv": [12, 12, 13, 16], "texture": "#1"},
				"west": {"uv": [12, 12, 13, 16], "texture": "#1"},
				"up": {"uv": [12, 12, 13, 13], "texture": "#1"},
				"down": {"uv": [7, 2, 8, 3], "texture": "#1"}
			}
		},
		{
			"from": [2, 0, 14],
			"to": [3, 4, 15],
			"faces": {
				"north": {"uv": [12, 12, 13, 16], "texture": "#1"},
				"east": {"uv": [12, 12, 13, 16], "texture": "#1"},
				"south": {"uv": [12, 12, 13, 16], "texture": "#1"},
				"west": {"uv": [12, 12, 13, 16], "texture": "#1"},
				"up": {"uv": [12, 12, 13, 13], "texture": "#1"},
				"down": {"uv": [7, 2, 8, 3], "texture": "#1"}
			}
		},
		{
			"from": [5, 6, 3],
			"to": [6, 8, 4],
			"faces": {
				"north": {"uv": [6, 1, 7, 3], "texture": "#1"},
				"east": {"uv": [6, 1, 7, 3], "texture": "#1"},
				"south": {"uv": [6, 1, 7, 3], "texture": "#1"},
				"west": {"uv": [6, 1, 7, 3], "texture": "#1"},
				"up": {"uv": [6, 1, 7, 2], "texture": "#1"},
				"down": {"uv": [6, 1, 7, 2], "texture": "#1"}
			}
		},
		{
			"from": [1, 0, 7],
			"to": [2, 5, 8],
			"faces": {
				"north": {"uv": [11, 8, 12, 13], "texture": "#1"},
				"east": {"uv": [11, 8, 12, 13], "texture": "#1"},
				"south": {"uv": [11, 8, 12, 13], "texture": "#1"},
				"west": {"uv": [11, 8, 12, 13], "texture": "#1"},
				"up": {"uv": [11, 8, 12, 9], "texture": "#1"},
				"down": {"uv": [7, 2, 8, 3], "texture": "#1"}
			}
		},
		{
			"from": [14, 2, 5],
			"to": [15, 4, 6],
			"faces": {
				"north": {"uv": [7, 2, 8, 4], "texture": "#1"},
				"east": {"uv": [7, 2, 8, 4], "texture": "#1"},
				"south": {"uv": [7, 2, 8, 4], "texture": "#1"},
				"west": {"uv": [7, 2, 8, 4], "texture": "#1"},
				"up": {"uv": [7, 2, 8, 3], "texture": "#1"},
				"down": {"uv": [7, 3, 8, 4], "texture": "#1"}
			}
		},
		{
			"from": [14, 0, 6],
			"to": [15, 5, 7],
			"faces": {
				"north": {"uv": [11, 8, 12, 13], "texture": "#1"},
				"east": {"uv": [11, 8, 12, 13], "texture": "#1"},
				"south": {"uv": [11, 8, 12, 13], "texture": "#1"},
				"west": {"uv": [11, 8, 12, 13], "texture": "#1"},
				"up": {"uv": [11, 8, 12, 9], "texture": "#1"},
				"down": {"uv": [7, 2, 8, 3], "texture": "#1"}
			}
		},
		{
			"from": [1, 2, 8],
			"to": [2, 4, 9],
			"faces": {
				"north": {"uv": [7, 2, 8, 4], "texture": "#1"},
				"east": {"uv": [7, 2, 8, 4], "texture": "#1"},
				"south": {"uv": [7, 2, 8, 4], "texture": "#1"},
				"west": {"uv": [7, 2, 8, 4], "texture": "#1"},
				"up": {"uv": [7, 2, 8, 3], "texture": "#1"},
				"down": {"uv": [7, 3, 8, 4], "texture": "#1"}
			}
		},
		{
			"from": [5, 0, 4],
			"to": [6, 9, 5],
			"faces": {
				"north": {"uv": [11, 8, 12, 16], "texture": "#1"},
				"east": {"uv": [11, 8, 12, 16], "texture": "#1"},
				"south": {"uv": [11, 8, 12, 16], "texture": "#1"},
				"west": {"uv": [11, 8, 12, 16], "texture": "#1"},
				"up": {"uv": [11, 8, 12, 9], "texture": "#1"},
				"down": {"uv": [7, 2, 8, 3], "texture": "#1"}
			}
		},
		{
			"from": [8, 11, 7],
			"to": [9, 16, 8],
			"faces": {
				"north": {"uv": [6, 0, 7, 5], "texture": "#1"},
				"east": {"uv": [6, 0, 7, 5], "texture": "#1"},
				"south": {"uv": [6, 0, 7, 5], "texture": "#1"},
				"west": {"uv": [6, 0, 7, 5], "texture": "#1"},
				"up": {"uv": [6, 0, 7, 1], "texture": "#1"},
				"down": {"uv": [6, 4, 7, 5], "texture": "#1"}
			}
		},
		{
			"from": [12, 8, 0],
			"to": [13, 10, 1],
			"faces": {
				"north": {"uv": [9, 4, 10, 6], "texture": "#1"},
				"east": {"uv": [9, 4, 10, 6], "texture": "#1"},
				"south": {"uv": [9, 4, 10, 6], "texture": "#1"},
				"west": {"uv": [9, 4, 10, 6], "texture": "#1"},
				"up": {"uv": [9, 4, 10, 5], "texture": "#1"},
				"down": {"uv": [9, 5, 10, 6], "texture": "#1"}
			}
		},
		{
			"from": [12, 7, 1],
			"to": [13, 10, 2],
			"faces": {
				"north": {"uv": [8, 3, 9, 6], "texture": "#1"},
				"east": {"uv": [8, 3, 9, 6], "texture": "#1"},
				"south": {"uv": [8, 3, 9, 6], "texture": "#1"},
				"west": {"uv": [8, 3, 9, 6], "texture": "#1"},
				"up": {"uv": [8, 3, 9, 4], "texture": "#1"},
				"down": {"uv": [8, 5, 9, 6], "texture": "#1"}
			}
		},
		{
			"from": [0, 8, 3],
			"to": [1, 10, 4],
			"faces": {
				"north": {"uv": [9, 4, 10, 6], "texture": "#1"},
				"east": {"uv": [9, 4, 10, 6], "texture": "#1"},
				"south": {"uv": [9, 4, 10, 6], "texture": "#1"},
				"west": {"uv": [9, 4, 10, 6], "texture": "#1"},
				"up": {"uv": [9, 4, 10, 5], "texture": "#1"},
				"down": {"uv": [9, 5, 10, 6], "texture": "#1"}
			}
		},
		{
			"from": [7, 6, 8],
			"to": [8, 9, 9],
			"faces": {
				"north": {"uv": [8, 3, 9, 6], "texture": "#1"},
				"east": {"uv": [8, 3, 9, 6], "texture": "#1"},
				"south": {"uv": [8, 3, 9, 6], "texture": "#1"},
				"west": {"uv": [8, 3, 9, 6], "texture": "#1"},
				"up": {"uv": [8, 3, 9, 4], "texture": "#1"},
				"down": {"uv": [8, 5, 9, 6], "texture": "#1"}
			}
		},
		{
			"from": [6, 7, 8],
			"to": [7, 9, 9],
			"faces": {
				"north": {"uv": [9, 4, 10, 6], "texture": "#1"},
				"east": {"uv": [9, 4, 10, 6], "texture": "#1"},
				"south": {"uv": [9, 4, 10, 6], "texture": "#1"},
				"west": {"uv": [9, 4, 10, 6], "texture": "#1"},
				"up": {"uv": [9, 4, 10, 5], "texture": "#1"},
				"down": {"uv": [9, 5, 10, 6], "texture": "#1"}
			}
		},
		{
			"from": [1, 7, 3],
			"to": [2, 10, 4],
			"faces": {
				"north": {"uv": [8, 3, 9, 6], "texture": "#1"},
				"east": {"uv": [8, 3, 9, 6], "texture": "#1"},
				"south": {"uv": [8, 3, 9, 6], "texture": "#1"},
				"west": {"uv": [8, 3, 9, 6], "texture": "#1"},
				"up": {"uv": [8, 3, 9, 4], "texture": "#1"},
				"down": {"uv": [8, 5, 9, 6], "texture": "#1"}
			}
		},
		{
			"from": [4, 12, 10],
			"to": [5, 15, 11],
			"faces": {
				"north": {"uv": [6, 1, 7, 4], "texture": "#1"},
				"east": {"uv": [6, 1, 7, 4], "texture": "#1"},
				"south": {"uv": [6, 1, 7, 4], "texture": "#1"},
				"west": {"uv": [6, 1, 7, 4], "texture": "#1"},
				"up": {"uv": [6, 1, 7, 2], "texture": "#1"},
				"down": {"uv": [6, 3, 7, 4], "texture": "#1"}
			}
		},
		{
			"from": [5, 0, 10],
			"to": [6, 15, 11],
			"faces": {
				"north": {"uv": [2, 1, 3, 16], "texture": "#1"},
				"east": {"uv": [2, 1, 3, 16], "texture": "#1"},
				"south": {"uv": [2, 1, 3, 16], "texture": "#1"},
				"west": {"uv": [2, 1, 3, 16], "texture": "#1"},
				"up": {"uv": [2, 1, 3, 2], "texture": "#1"},
				"down": {"uv": [7, 15, 8, 16], "texture": "#5"}
			}
		},
		{
			"from": [6, 7, 10],
			"to": [7, 10, 11],
			"faces": {
				"north": {"uv": [8, 3, 9, 6], "texture": "#1"},
				"east": {"uv": [8, 3, 9, 6], "texture": "#1"},
				"south": {"uv": [8, 3, 9, 6], "texture": "#1"},
				"west": {"uv": [8, 3, 9, 6], "texture": "#1"},
				"up": {"uv": [8, 3, 9, 4], "texture": "#1"},
				"down": {"uv": [8, 5, 9, 6], "texture": "#1"}
			}
		},
		{
			"from": [12, 0, 2],
			"to": [13, 15, 3],
			"faces": {
				"north": {"uv": [7, 1, 8, 16], "texture": "#1"},
				"east": {"uv": [7, 1, 8, 16], "texture": "#1"},
				"south": {"uv": [7, 1, 8, 16], "texture": "#1"},
				"west": {"uv": [7, 1, 8, 16], "texture": "#1"},
				"up": {"uv": [7, 1, 8, 2], "texture": "#1"},
				"down": {"uv": [7, 15, 8, 16], "texture": "#5"}
			}
		},
		{
			"from": [11, 12, 2],
			"to": [12, 16, 3],
			"faces": {
				"north": {"uv": [6, 1, 7, 5], "texture": "#1"},
				"east": {"uv": [6, 1, 7, 5], "texture": "#1"},
				"south": {"uv": [6, 1, 7, 5], "texture": "#1"},
				"west": {"uv": [6, 1, 7, 5], "texture": "#1"},
				"up": {"uv": [6, 1, 7, 2], "texture": "#0"},
				"down": {"uv": [6, 3, 7, 4], "texture": "#0"}
			}
		},
		{
			"from": [2, 12, 2],
			"to": [3, 15, 3],
			"faces": {
				"north": {"uv": [6, 1, 7, 4], "texture": "#1"},
				"east": {"uv": [6, 1, 7, 4], "texture": "#1"},
				"south": {"uv": [6, 1, 7, 4], "texture": "#1"},
				"west": {"uv": [6, 1, 7, 4], "texture": "#1"},
				"up": {"uv": [6, 1, 7, 2], "texture": "#1"},
				"down": {"uv": [6, 3, 7, 4], "texture": "#1"}
			}
		},
		{
			"from": [2, 0, 3],
			"to": [3, 15, 4],
			"faces": {
				"north": {"uv": [2, 1, 3, 16], "texture": "#1"},
				"east": {"uv": [2, 1, 3, 16], "texture": "#1"},
				"south": {"uv": [2, 1, 3, 16], "texture": "#1"},
				"west": {"uv": [2, 1, 3, 16], "texture": "#1"},
				"up": {"uv": [2, 1, 3, 2], "texture": "#1"},
				"down": {"uv": [7, 15, 8, 16], "texture": "#5"}
			}
		}
	],
	"display": {
		"ground": {
			"translation": [0, 5, 0]
		}
	}
}
