{
	"credit": "Made with Blockbench",
	"ambientocclusion": false,
	"textures": {
		"particle": "#flowerbed",
		"flowerbed": "#flowerbed"
	},
	"elements": [
		{
			"from": [8, 2, 0],
			"to": [16, 2, 8],
			"faces": {
				"up": {"uv": [8, 0, 16, 8], "texture": "#flowerbed"},
				"down": {"uv": [8, 8, 16, 0], "texture": "#flowerbed"}
			}
		},
		{
			"from": [13.2, 0, -8.4],
			"to": [13.2, 2, -7.4],
			"rotation": {"angle": -45, "axis": "y", "origin": [-1, 0, -3]},
			"faces": {
				"east": {"uv": [0, 5, 1, 7], "texture": "#stem", "tintindex": 1},
				"west": {"uv": [0, 5, 1, 7], "texture": "#stem", "tintindex": 1}
			}
		},
		{
			"from": [12.7, 0, -7.9],
			"to": [13.7, 2, -7.9],
			"rotation": {"angle": -45, "axis": "y", "origin": [-1, 0, -3]},
			"faces": {
				"north": {"uv": [0, 5, 1, 7], "texture": "#stem", "tintindex": 1},
				"south": {"uv": [0, 5, 1, 7], "texture": "#stem", "tintindex": 1}
			}
		}
	]
}