{
	"credit": "Made with Blockbench",
	"ambientocclusion": false,
	"textures": {
		"particle": "block/pitcher_crop_top_stage_0",
		"pitcher_top": "block/pitcher_crop_top_stage_0",
		"pitcher_side": "block/pitcher_crop_side_stage_0",
		"pitcher_bottom": "block/pitcher_crop_bottom_stage_0"
	},
	"elements": [
		{
			"name": "pitcher_crop_bottom_stage_0",
			"from": [5, -1, 5],
			"to": [11, 3, 11],
			"faces": {
				"north": {"uv": [5, 12, 11, 16], "texture": "#pitcher_side"},
				"east": {"uv": [5, 12, 11, 16], "texture": "#pitcher_side"},
				"south": {"uv": [5, 12, 11, 16], "texture": "#pitcher_side"},
				"west": {"uv": [5, 12, 11, 16], "texture": "#pitcher_side"},
				"up": {"uv": [5, 5, 11, 11], "texture": "#pitcher_top"},
				"down": {"uv": [5, 5, 11, 11], "texture": "#pitcher_bottom"}
			}
		}
	]
}